Pair,Correlation,Combined Market Cap,Combined Change %
USDT-USDC,1.0,$182.72B,0.0
BTC-WBTC,0.9995,$1.91T,53.11
STETH-WEETH,0.9987,$39.21B,-2.48
WEETH-WETH,0.9953,$16.39B,25.59
STETH-WETH,0.9952,$42.48B,24.96
ETC-ARB,0.8922,$7.26B,6.76
ETH-ARB,0.8558,$409.75B,-0.98
ETH-ETC,0.833,$410.44B,6.24
NEAR-RENDER,0.8214,$10.02B,1.35
AVAX-LINK,0.8089,$30.00B,46.04
ETH-WBTC,0.8047,$419.21B,25.76
BTC-ETH,0.8017,$2.31T,25.84
DOGE-SHIB,0.7951,$59.52B,92.89
DOGE-WBTC,0.788,$59.33B,105.04
AVAX-ICP,0.7873,$20.48B,30.47
BTC-DOGE,0.7861,$1.95T,105.12
ETH-BCH,0.7788,$415.43B,8.3
BCH-ETC,0.7786,$12.94B,16.04
UNI-ETC,0.7764,$12.22B,32.48
NEAR-FET,0.7762,$9.75B,0.52
RENDER-FET,0.7645,$7.21B,7.86
DOT-ETC,0.7633,$14.68B,12.76
SOL-WBTC,0.7625,$103.34B,41.06
BTC-SOL,0.7613,$1.99T,41.13
BTC-BCH,0.7593,$1.91T,35.64
WBTC-BCH,0.7591,$21.71B,35.57
AVAX-NEAR,0.7574,$21.78B,14.98
ADA-DOT,0.7557,$42.57B,66.47
NEAR-ARB,0.7499,$9.56B,-1.02
BNB-BCH,0.7498,$111.16B,19.96
DOT-ARB,0.7494,$13.99B,5.54
AVAX-ARB,0.7463,$18.78B,15.53
SOL-RENDER,0.7408,$94.34B,7.18
BCH-ARB,0.7383,$12.25B,8.82
ETH-NEAR,0.7371,$412.74B,-1.54
LINK-ARB,0.7353,$17.78B,30.05
ETH-UNI,0.7344,$414.72B,24.74
WEETH-MNT,0.73,$10.64B,23.25
UNI-ARB,0.7293,$11.54B,25.26
STETH-MNT,0.7292,$36.73B,22.6
BTC-NEAR,0.7279,$1.91T,25.81
WBTC-NEAR,0.7273,$19.02B,25.73
NEAR-ETC,0.7254,$10.25B,6.2
NEAR-APT,0.7253,$11.30B,13.02
DOT-VET,0.7235,$14.54B,44.01
ADA-AVAX,0.7228,$47.36B,76.47
AVAX-ETC,0.7215,$19.47B,22.76
BNB-ETH,0.721,$508.66B,10.16
ETH-SOL,0.7207,$497.06B,13.79
ADA-ICP,0.7153,$36.84B,75.41
LTC-ETC,0.715,$11.72B,26.27
LINK-NEAR,0.7146,$20.77B,29.49
WETH-MNT,0.7145,$13.91B,58.61
BTC-RENDER,0.7144,$1.91T,26.66
WBTC-RENDER,0.7127,$16.49B,26.61
ICP-ETC,0.7092,$8.95B,21.7
RENDER-TAO,0.7088,$7.33B,27.72
BCH-NEAR,0.7084,$15.24B,8.26
AVAX-RENDER,0.703,$19.24B,23.33
DOT-NEAR,0.7029,$16.99B,4.98
BNB-WBTC,0.7016,$114.94B,37.43
AVAX-DOT,0.7016,$26.21B,21.53
BTC-BNB,0.701,$2.00T,37.51
LTC-ARB,0.6993,$11.03B,19.05
DOT-ICP,0.6985,$15.69B,20.47
BNB-NEAR,0.6972,$108.47B,10.12
LINK-ICP,0.6967,$19.48B,44.98
LINK-ETC,0.6957,$18.47B,37.27
NEAR-ICP,0.695,$11.26B,13.92
ADA-ETC,0.6949,$35.83B,67.69
ETH-AVAX,0.6946,$421.97B,15.01
DOT-XLM,0.6936,$21.42B,149.38
SOL-BCH,0.6931,$99.56B,23.59
SOL-NEAR,0.693,$96.87B,13.75
LINK-DOT,0.6925,$25.21B,36.04
UNI-AAVE,0.6925,$13.24B,144.62
WBTC-SHIB,0.6921,$25.67B,40.88
BCH-UNI,0.691,$17.22B,34.54
LINK-UNI,0.6907,$22.75B,55.77
BTC-SHIB,0.6898,$1.91T,40.96
ICP-ARB,0.6881,$8.27B,14.48
BTC-AVAX,0.6878,$1.92T,42.36
WBTC-PEPE,0.6878,$20.27B,54.89
AVAX-WBTC,0.6875,$28.25B,42.28
SOL-AVAX,0.6872,$106.10B,30.3
BNB-ETC,0.6871,$106.17B,17.9
SHIB-ETC,0.687,$16.90B,21.36
APT-ARB,0.6868,$8.31B,13.58
AVAX-APT,0.686,$20.53B,29.58
BTC-PEPE,0.6858,$1.91T,54.97
ETH-RENDER,0.6858,$410.21B,7.88
FET-ARB,0.6833,$6.75B,1.08
DOT-LTC,0.6822,$18.46B,25.05
ETH-LINK,0.6803,$420.96B,29.52
ICP-VET,0.6798,$8.81B,52.95
BNB-SOL,0.6796,$192.79B,25.45
WBTC-ETC,0.6779,$16.72B,33.51
BNB-APT,0.6773,$107.22B,24.72
APT-RENDER,0.6772,$8.77B,18.8
ETH-APT,0.677,$411.49B,13.06
BTC-ETC,0.6767,$1.91T,33.59
ETH-FET,0.6765,$409.94B,0.56
BTC-APT,0.6754,$1.91T,40.4
WBTC-APT,0.6749,$17.77B,40.33
DOGE-BCH,0.6737,$55.55B,87.57
APT-FET,0.6736,$8.50B,15.12
DOT-BCH,0.6714,$19.68B,14.82
BCH-VET,0.6714,$12.80B,47.29
BNB-ARB,0.6703,$105.48B,10.68
SOL-PEPE,0.6684,$98.12B,42.91
ADA-LINK,0.6681,$46.35B,90.98
ICP-RENDER,0.6677,$8.73B,9.6
APT-ETC,0.6673,$9.00B,20.8
DOGE-RENDER,0.6665,$50.33B,76.49
WBTC-ARB,0.665,$16.03B,26.29
SHIB-DOT,0.6638,$23.64B,20.13
BTC-ARB,0.6636,$1.91T,26.36
ICP-FET,0.6634,$8.45B,16.02
LINK-VET,0.6629,$18.33B,68.52
ADA-SHIB,0.6628,$44.78B,75.07
SHIB-BCH,0.6585,$21.89B,23.41
TAO-FET,0.6577,$7.06B,39.28
AVAX-FET,0.6565,$18.97B,17.08
ETC-FET,0.6555,$7.44B,8.3
BCH-FET,0.6547,$12.44B,10.36
DOGE-SOL,0.6544,$137.18B,93.07
LINK-HBAR,0.6541,$25.31B,164.98
ADA-BCH,0.6537,$40.82B,69.75
BCH-APT,0.6536,$13.99B,22.86
LINK-AAVE,0.6519,$19.49B,149.41
AVAX-SHIB,0.6507,$28.43B,30.13
ETH-AAVE,0.6503,$411.46B,118.38
DOT-FET,0.6501,$14.18B,7.08
BCH-RENDER,0.6499,$12.71B,13.58
RENDER-ARB,0.649,$7.03B,9.56
ETH-TAO,0.6477,$410.06B,37.21
AVAX-UNI,0.6466,$23.75B,41.26
ETH-SHIB,0.6465,$419.40B,13.61
ADA-NEAR,0.6465,$38.13B,59.91
SOL-SHIB,0.6446,$103.52B,28.9
BCH-LTC,0.6431,$16.71B,28.33
UNI-NEAR,0.6421,$14.53B,24.7
BNB-VET,0.6417,$106.03B,49.16
ETH-DOGE,0.6416,$453.05B,77.77
ADA-ARB,0.641,$35.14B,60.47
AVAX-BCH,0.641,$24.47B,24.81
SOL-ETC,0.6389,$94.57B,21.53
ETC-VET,0.6385,$7.80B,45.24
DOGE-AVAX,0.6372,$62.09B,94.29
HBAR-VET,0.6365,$14.64B,172.95
AVAX-VET,0.6359,$19.33B,54.01
DOGE-NEAR,0.6358,$52.86B,77.74
BNB-FET,0.6351,$105.67B,12.22
BCH-ICP,0.635,$13.95B,23.75
DOGE-PEPE,0.6348,$54.11B,106.9
AAVE-ETC,0.6337,$8.96B,126.12
ETH-DOT,0.6334,$417.18B,5.01
LTC-NEAR,0.6334,$14.03B,18.49
VET-ARB,0.633,$7.11B,38.02
LINK-LTC,0.6328,$22.24B,49.56
XRP-XLM,0.6324,$135.61B,322.67
DOGE-DOT,0.6321,$57.30B,84.29
DOT-UNI,0.6316,$18.96B,31.26
NEAR-VET,0.631,$10.11B,37.46
BTC-FET,0.6309,$1.91T,27.91
WBTC-FET,0.6305,$16.22B,27.83
ETH-PEPE,0.6279,$413.99B,27.62
ETH-ICP,0.6252,$411.45B,13.95
SHIB-PEPE,0.6251,$20.45B,42.74
SOL-ARB,0.6231,$93.88B,14.31
LINK-FET,0.623,$17.97B,31.59
SOL-FET,0.6223,$94.07B,15.85
ADA-DOGE,0.6222,$78.44B,139.23
WBTC-UNI,0.6217,$21.00B,52.01
WBTC-ICP,0.6214,$17.73B,41.22
BTC-ICP,0.621,$1.91T,41.3
SHIB-ICP,0.6204,$17.91B,29.07
NEAR-TAO,0.6179,$9.87B,37.18
BTC-UNI,0.6176,$1.91T,52.09
UNI-ICP,0.6167,$13.24B,40.2
DOT-RENDER,0.6164,$14.45B,16.3
BNB-RENDER,0.6161,$105.94B,16.13
SHIB-ARB,0.615,$16.21B,14.13
LINK-BCH,0.6146,$23.46B,39.32
ADA-WBTC,0.6144,$44.60B,87.22
BNB-UNI,0.6143,$110.45B,36.4
SUI-RENDER,0.6139,$16.21B,228.1
SOL-ICP,0.6138,$95.58B,29.25
TON-DOT,0.6134,$25.53B,17.73
BTC-ADA,0.6126,$1.93T,87.3
BNB-ICP,0.6123,$107.18B,25.62
ETH-LTC,0.612,$414.22B,18.53
BTC-TAO,0.6117,$1.91T,64.56
WBTC-TAO,0.6099,$16.34B,64.48
UNI-VET,0.6081,$12.08B,63.74
ETH-ADA,0.6074,$438.32B,59.95
AVAX-LTC,0.6066,$23.25B,35.04
SOL-APT,0.6059,$95.62B,28.35
SOL-TAO,0.6046,$94.19B,52.51
XRP-HBAR,0.604,$135.71B,313.76
AAVE-ARB,0.604,$8.27B,118.9
ETC-RENDER,0.6037,$7.71B,13.75
LTC-VET,0.6036,$11.58B,57.53
ADA-VET,0.6035,$35.69B,98.95
AVAX-TAO,0.6027,$19.09B,53.73
SUI-APT,0.6015,$17.49B,227.85
SHIB-NEAR,0.6002,$19.20B,13.58
BNB-DOT,0.6001,$112.91B,16.68
DOGE-ETC,0.6,$50.56B,85.52
ADA-LTC,0.5992,$39.60B,79.98
SUI-NEAR,0.5981,$18.74B,213.26
XRP-LTC,0.5976,$132.65B,198.34
APT-TAO,0.597,$8.62B,51.78
TAO-ARB,0.597,$6.87B,37.74
DOT-APT,0.5959,$15.74B,19.58
APT-ICP,0.5951,$10.01B,28.52
DOGE-APT,0.595,$51.61B,92.34
BNB-AVAX,0.5946,$117.70B,26.68
LINK-APT,0.592,$19.52B,44.09
SOL-SUI,0.5918,$103.06B,228.58
AVAX-AAVE,0.5909,$20.49B,134.9
APT-VET,0.589,$8.86B,52.06
UNI-FET,0.5883,$11.72B,26.8
BTC-DOT,0.5861,$1.91T,32.36
WBTC-DOT,0.586,$23.46B,32.28
BTC-SUI,0.5852,$1.91T,240.64
SUI-WBTC,0.5847,$25.21B,240.56
LINK-WBTC,0.5844,$27.24B,56.79
BTC-LINK,0.5812,$1.92T,56.87
VET-FET,0.58,$7.30B,39.56
ADA-SOL,0.5796,$122.45B,75.24
TRX-VET,0.5796,$26.46B,91.6
BNB-DOGE,0.5795,$148.78B,89.44
ADA-APT,0.5794,$36.88B,74.51
ADA-UNI,0.5783,$40.11B,86.19
SHIB-RENDER,0.5751,$16.67B,20.34
VET-RENDER,0.575,$7.57B,39.75
TON-ARB,0.5742,$18.10B,11.18
SOL-UNI,0.5741,$98.85B,40.03
HBAR-LTC,0.5728,$18.56B,153.99
DOT-HBAR,0.5726,$21.52B,140.47
BNB-SHIB,0.5725,$115.12B,25.28
UNI-RENDER,0.572,$12.00B,45.72
ICP-TAO,0.5707,$8.57B,52.67
ETH-SUI,0.5699,$418.93B,213.29
BNB-LTC,0.5693,$109.94B,30.19
SOL-DOT,0.5688,$101.31B,20.31
BNB-TAO,0.5683,$105.79B,48.88
SUI-FET,0.5679,$15.94B,215.36
BCH-TAO,0.5655,$12.56B,47.01
BNB-SUI,0.5646,$114.66B,224.96
SHIB-APT,0.5633,$17.95B,28.18
SUI-TAO,0.5619,$16.06B,252.01
AVAX-SUI,0.5616,$27.97B,229.81
BNB-ADA,0.5613,$134.05B,71.61
BCH-PEPE,0.56,$16.49B,37.42
ADA-RENDER,0.5584,$35.60B,62.59
UNI-LTC,0.5581,$16.00B,44.77
LINK-RENDER,0.5569,$18.24B,40.72
BTC-LTC,0.5546,$1.91T,45.87
TON-ETC,0.5536,$18.79B,12.14
WBTC-LTC,0.5531,$20.49B,45.8
AAVE-ICP,0.5523,$9.97B,133.84
SUI-BCH,0.5521,$21.43B,223.09
DOGE-ICP,0.552,$51.57B,93.23
XRP-ADA,0.5504,$156.75B,239.76
BNB-PEPE,0.5489,$109.72B,39.28
DOGE-ARB,0.5447,$49.87B,78.3
AVAX-HBAR,0.5445,$26.31B,150.47
SHIB-UNI,0.5444,$21.18B,39.86
SOL-LINK,0.5424,$105.09B,44.82
AAVE-FET,0.5396,$8.46B,120.44
SHIB-LTC,0.5393,$20.68B,33.64
ETC-TAO,0.5391,$7.56B,44.96
LTC-ICP,0.5385,$12.73B,33.99
XLM-VET,0.5368,$14.54B,181.86
PEPE-NEAR,0.5334,$13.80B,27.58
HBAR-ICP,0.5326,$15.80B,149.41
UNI-APT,0.5283,$13.28B,39.3
SHIB-TAO,0.5274,$16.52B,52.33
LTC-APT,0.5272,$12.77B,33.09
HBAR-NEAR,0.527,$17.09B,133.92
BNB-LINK,0.5266,$116.69B,41.19
SUI-ARB,0.526,$15.75B,213.81
BCH-AAVE,0.5257,$13.96B,128.18
NEAR-AAVE,0.5246,$11.27B,118.34
HBAR-ARB,0.5245,$14.10B,134.48
ADA-FET,0.5237,$35.33B,62.01
PEPE-ARB,0.5236,$10.81B,28.14
PEPE-RENDER,0.522,$11.27B,30.92
SOL-VET,0.519,$94.43B,52.79
DOGE-UNI,0.5188,$54.84B,104.02
APT-AAVE,0.5164,$10.02B,132.94
SHIB-FET,0.5131,$16.40B,15.68
BNB-TON,0.5122,$117.01B,13.01
BTC-VET,0.5117,$1.91T,64.84
LTC-FET,0.5101,$11.22B,20.59
WBTC-VET,0.5096,$16.58B,64.76
XRP-ETC,0.5057,$128.87B,186.05
SUI-PEPE,0.5048,$19.99B,242.42
PEPE-ETC,0.5043,$11.49B,35.36
DOGE-LTC,0.5037,$54.34B,97.81
XRP-DOT,0.5018,$135.61B,184.82
SOL-LTC,0.5011,$98.34B,33.82
ETH-VET,0.5009,$410.30B,37.49
LINK-SHIB,0.4997,$27.42B,44.64
XLM-ETC,0.4989,$14.68B,150.61
TON-BCH,0.4987,$23.78B,9.27
DOGE-SUI,0.4969,$59.05B,292.57
ETH-TON,0.4957,$421.28B,9.16
DOT-TAO,0.494,$14.30B,43.73
SUI-ETC,0.4925,$16.44B,221.04
XLM-LTC,0.4925,$18.46B,162.89
AVAX-PEPE,0.4915,$23.02B,44.14
ADA-HBAR,0.4891,$42.67B,195.41
HBAR-ETC,0.4889,$14.78B,141.7
XRP-AVAX,0.4886,$140.40B,194.82
DOGE-FET,0.4878,$50.06B,79.84
BNB-AAVE,0.4869,$107.19B,130.04
AAVE-TAO,0.4857,$8.58B,157.1
DOGE-LINK,0.4844,$61.08B,108.8
HBAR-XLM,0.4842,$21.52B,278.32
LTC-RENDER,0.4835,$11.49B,27.96
ADA-XLM,0.4816,$42.57B,204.32
TON-VET,0.4813,$18.65B,44.62
TON-FET,0.4794,$18.29B,21.99
UNI-TAO,0.4788,$11.84B,63.46
ADA-PEPE,0.4774,$39.38B,89.07
ADA-SUI,0.4769,$44.32B,274.75
DOGE-TAO,0.4756,$50.18B,116.49
DOT-AAVE,0.4755,$15.70B,124.9
XRP-ICP,0.4754,$129.88B,193.76
XRP-ARB,0.4744,$128.18B,178.83
TON-ICP,0.4739,$19.80B,14.08
AAVE-RENDER,0.4722,$8.73B,120.16
TON-TAO,0.4703,$18.41B,25.58
TON-NEAR,0.4685,$21.09B,7.84
UNI-PEPE,0.4682,$15.78B,53.86
XRP-LINK,0.4672,$139.39B,209.33
SUI-SHIB,0.4661,$25.39B,228.41
DOGE-VET,0.4654,$50.42B,116.77
TON-LTC,0.4651,$22.57B,28.8
VET-TAO,0.4647,$7.42B,76.21
XLM-ARB,0.4621,$13.99B,143.38
XRP-VET,0.462,$128.73B,217.3
XRP-NEAR,0.4602,$131.17B,178.27
TON-XLM,0.4584,$25.53B,121.46
PEPE-TAO,0.4575,$11.11B,66.34
AAVE-VET,0.4571,$8.82B,157.38
SHIB-VET,0.4563,$16.76B,52.61
WBTC-AAVE,0.4545,$17.74B,145.65
PEPE-FET,0.4544,$10.99B,29.68
BTC-AAVE,0.454,$1.91T,145.73
TON-APT,0.4522,$19.84B,22.28
SOL-AAVE,0.4506,$95.59B,133.67
ADA-AAVE,0.4504,$36.85B,179.83
HBAR-RENDER,0.4472,$14.56B,161.92
PEPE-ICP,0.4462,$12.51B,43.08
SUI-VET,0.4452,$16.30B,252.29
ADA-TON,0.4407,$46.67B,72.09
HBAR-FET,0.4404,$14.28B,136.02
SUI-ICP,0.438,$17.45B,228.75
ADA-TAO,0.4366,$35.45B,98.67
LINK-TAO,0.4356,$18.09B,68.24
SUI-DOT,0.4335,$23.18B,219.81
BNB-TRX,0.4329,$124.83B,64.27
LTC-AAVE,0.4311,$12.74B,138.41
SUI-UNI,0.4296,$20.72B,239.54
HBAR-UNI,0.4294,$19.06B,160.2
PEPE-APT,0.4263,$12.55B,42.18
BTC-USDT,0.4244,$2.04T,26.57
BTC-USDC,0.4244,$1.95T,26.61
SUI-LTC,0.4224,$20.21B,233.32
USDT-WBTC,0.4199,$151.92B,26.5
USDC-WBTC,0.4199,$56.29B,26.54
LINK-SUI,0.4195,$26.96B,244.32
SHIB-AAVE,0.416,$17.92B,133.5
XLM-ICP,0.4146,$15.69B,158.32
LTC-PEPE,0.4124,$15.27B,47.65
TON-SHIB,0.4107,$27.75B,22.28
TON-UNI,0.4106,$23.07B,56.33
HBAR-BCH,0.4099,$19.78B,143.76
TON-RENDER,0.3998,$18.56B,18.15
DOT-PEPE,0.3986,$18.23B,34.14
SOL-OM,0.3953,$94.14B,189.56
HBAR-APT,0.3953,$15.84B,148.52
LINK-PEPE,0.392,$22.02B,58.65
USDC-SHIB,0.3907,$56.48B,14.39
USDT-SHIB,0.3906,$152.10B,14.35
ETH-HBAR,0.3882,$417.28B,133.95
TON-AVAX,0.385,$30.32B,31.15
TON-AAVE,0.3848,$19.81B,116.69
XRP-BCH,0.3798,$133.86B,188.1
BGB-MNT,0.3774,$15.69B,291.37
STETH-BGB,0.3768,$44.26B,265.64
WEETH-BGB,0.3767,$18.17B,266.29
USDT-ETC,0.3704,$143.14B,6.97
USDC-ETC,0.3703,$47.52B,7.01
USDT-UNI,0.3681,$147.43B,25.47
USDC-UNI,0.368,$51.80B,25.51
USDT-DOGE,0.3661,$185.76B,78.51
DOGE-USDC,0.3661,$90.13B,78.55
LTC-TAO,0.3631,$11.34B,57.25
XLM-NEAR,0.3623,$16.99B,142.83
HBAR-AAVE,0.3605,$15.80B,253.84
XRP-DOGE,0.3584,$171.48B,257.58
XRP-UNI,0.3546,$133.15B,204.55
XRP-SHIB,0.3534,$137.83B,193.42
SOL-TON,0.3528,$105.41B,4.5
WBTC-HBAR,0.3525,$23.56B,161.22
BTC-XRP,0.3506,$2.03T,205.65
DOGE-TON,0.3506,$61.40B,96.79
XRP-WBTC,0.3503,$137.64B,205.57
BTC-HBAR,0.35,$1.91T,161.3
XLM-BCH,0.345,$19.68B,152.66
BTC-TON,0.3438,$1.92T,23.12
XLM-UNI,0.342,$18.96B,169.11
XRP-FET,0.3419,$128.37B,180.37
TON-LINK,0.3417,$29.31B,53.24
XRP-ETH,0.3408,$531.37B,178.3
TON-WBTC,0.3404,$27.56B,23.02
SUI-AAVE,0.3369,$17.46B,333.18
SOL-HBAR,0.3363,$101.41B,149.25
DOGE-AAVE,0.336,$51.58B,197.66
XRP-RENDER,0.3359,$128.64B,139.15
WEETH-HYPE,0.3357,$15.77B,-31.93
STETH-HYPE,0.3353,$41.86B,-32.58
XLM-FET,0.3345,$14.18B,144.93
USDT-ETH,0.3331,$545.64B,-0.77
ETH-USDC,0.3331,$450.02B,-0.73
XRP-APT,0.3325,$129.92B,192.87
SHIB-HBAR,0.3325,$23.74B,149.07
AVAX-XLM,0.3313,$26.21B,159.38
USDT-BCH,0.3312,$148.14B,9.03
USDC-BCH,0.3312,$52.51B,9.07
LINK-XLM,0.3252,$25.21B,173.89
WETH-HYPE,0.3231,$19.04B,2.59
STETH-VIRTUAL,0.319,$36.08B,5006.02
WEETH-VIRTUAL,0.3188,$9.99B,5006.67
PEPE-VET,0.3185,$11.35B,66.62
PEPE-AAVE,0.3174,$12.51B,147.5
XRP-SOL,0.3172,$215.49B,193.6
USDT-RENDER,0.3171,$142.92B,5.65
USDC-RENDER,0.3171,$47.29B,5.77
BNB-HBAR,0.3168,$113.01B,145.62
USDT-ARB,0.309,$142.46B,-0.25
DOGE-HBAR,0.309,$57.40B,213.23
USDC-ARB,0.309,$46.83B,-0.21
USDC-APT,0.3084,$48.57B,13.83
USDT-APT,0.3083,$144.20B,13.79
TON-SUI,0.3059,$27.28B,193.78
HBAR-TAO,0.3009,$14.40B,172.67
DOGE-XLM,0.2997,$57.30B,222.14
XRP-TON,0.2955,$139.71B,132.15
ADA-OM,0.2953,$35.40B,235.73
ICP-OM,0.2951,$8.53B,189.73
XLM-RENDER,0.2938,$14.45B,130.44
USDC-VET,0.2906,$47.38B,38.27
USDT-VET,0.2905,$143.00B,38.23
NEAR-OM,0.29,$9.82B,174.24
XRP-BNB,0.2862,$227.09B,189.97
XLM-APT,0.2832,$15.74B,157.42
SHIB-OM,0.2829,$16.47B,189.39
XRP-PEPE,0.2816,$132.42B,207.43
USDC-SOL,0.2813,$134.14B,14.56
USDT-SOL,0.2812,$229.77B,14.52
WBTC-OM,0.2784,$16.29B,201.54
USDT-TON,0.2757,$153.99B,-6.15
USDC-TON,0.2757,$58.36B,-5.98
USDT-PEPE,0.274,$146.70B,28.35
USDC-PEPE,0.274,$51.07B,28.39
BTC-OM,0.2728,$1.91T,201.62
ETH-XLM,0.2719,$417.18B,142.86
USDC-DOT,0.2715,$54.26B,5.79
USDT-DOT,0.2714,$149.88B,5.75
SHIB-XLM,0.2703,$23.64B,157.98
USDT-AAVE,0.2702,$144.16B,119.11
USDC-AAVE,0.2702,$48.54B,119.15
BNB-XLM,0.2679,$112.91B,154.53
USDC-ICP,0.2661,$48.53B,14.73
USDT-ICP,0.266,$144.16B,14.69
RENDER-OM,0.2653,$7.29B,111.75
SUI-OM,0.265,$16.01B,389.07
AVAX-OM,0.2632,$19.05B,190.79
BNB-OM,0.2616,$105.74B,185.94
HYPE-MNT,0.2605,$13.29B,-6.85
TON-HBAR,0.2603,$25.63B,195.57
TRX-BCH,0.2588,$31.60B,62.4
USDT-ADA,0.2574,$171.03B,60.68
ADA-USDC,0.2574,$75.40B,60.72
USDT-TAO,0.2533,$142.76B,37.95
USDC-TAO,0.2533,$47.14B,37.99
BGB-WETH,0.2511,$21.44B,357.61
ADA-MNT,0.2497,$35.93B,84.87
USDT-NEAR,0.2492,$145.45B,-0.81
USDC-NEAR,0.2492,$49.82B,-0.77
USDT-AVAX,0.248,$154.67B,15.74
USDC-AVAX,0.248,$59.05B,15.78
WEETH-WBT,0.248,$10.10B,77.08
STETH-WBT,0.2479,$36.19B,76.43
BTC-XLM,0.2464,$1.91T,170.21
USDT-BNB,0.246,$241.37B,10.89
BNB-USDC,0.246,$145.74B,10.93
WBTC-XLM,0.2442,$23.46B,170.13
WETH-WBT,0.2438,$13.37B,78.33
APT-OM,0.2429,$8.57B,188.83
XRP-AAVE,0.2428,$129.89B,298.19
TON-PEPE,0.2393,$22.34B,48.98
SUI-HBAR,0.2383,$23.28B,348.75
OM-FET,0.2379,$7.01B,176.34
MNT-VIRTUAL,0.2302,$7.51B,5031.75
APT-WBT,0.2253,$8.57B,91.81
SOL-XLM,0.2238,$101.31B,158.15
DOT-MNT,0.2224,$14.79B,29.93
XRP-TAO,0.2223,$128.49B,217.02
TRX-APT,0.2217,$27.66B,67.17
USDT-FET,0.2214,$142.64B,1.29
USDC-FET,0.2214,$47.02B,1.33
USDT-BGB,0.221,$150.78B,267.19
USDC-BGB,0.221,$55.16B,267.23
XRP-SUI,0.2205,$137.36B,393.1
TRX-ICP,0.2179,$27.62B,68.06
ETC-OM,0.2171,$7.52B,182.02
XRP-OM,0.2111,$128.44B,354.08
TRX-UNI,0.2088,$30.89B,78.85
USDT-LINK,0.2058,$153.67B,30.26
USDC-LINK,0.2058,$58.04B,30.3
PEPE-OM,0.2052,$11.07B,203.4
BCH-OM,0.204,$12.51B,184.07
DOGE-OM,0.203,$50.13B,253.55
DOGE-WETH,0.2028,$56.42B,120.92
HBAR-PEPE,0.2019,$18.34B,163.08
VET-OM,0.2015,$7.38B,213.27
DOGE-MNT,0.2005,$50.67B,102.69
XRP-VIRTUAL,0.1994,$128.32B,5186.64
XLM-TAO,0.1972,$14.30B,181.58
TAO-OM,0.196,$7.14B,212.99
ETH-OM,0.1953,$410.01B,174.27
WETH-VIRTUAL,0.1924,$13.26B,4732.66
UNI-OM,0.1907,$11.80B,200.52
TON-TRX,0.1856,$37.45B,46.9
LINK-MNT,0.1836,$18.57B,54.44
USDT-WETH,0.182,$149.00B,12.42
USDC-WETH,0.182,$53.38B,12.57
AAVE-USDS,0.1805,$10.28B,120.48
HBAR-OM,0.1776,$14.36B,309.73
SOL-USDS,0.1748,$95.88B,15.89
XLM-AAVE,0.1738,$15.70B,262.75
WBT-MNT,0.1731,$7.62B,102.16
USDT-WEETH,0.1687,$145.73B,-0.93
USDC-WEETH,0.1686,$50.11B,-0.89
TRX-SUI,0.1683,$35.10B,267.4
TRX-ETC,0.1663,$26.60B,60.35
LINK-OM,0.1661,$18.04B,205.3
ICP-MNT,0.1653,$9.06B,38.87
USDT-STETH,0.1646,$171.83B,-1.59
USDC-STETH,0.1646,$76.20B,-1.55
TRX-RENDER,0.1617,$26.38B,51.99
USDC-SUI,0.1616,$56.01B,214.06
USDT-SUI,0.1615,$151.64B,214.02
XLM-VIRTUAL,0.1613,$14.14B,5151.2
OM-ARB,0.1609,$6.83B,174.79
RENDER-MNT,0.1597,$7.82B,24.31
TRX-HBAR,0.1594,$33.44B,188.06
USDT-HBAR,0.1593,$149.98B,134.69
USDC-HBAR,0.1593,$54.36B,134.73
WETH-RENDER,0.159,$13.57B,41.7
SOL-TRX,0.1578,$113.23B,67.9
XLM-MNT,0.1575,$14.79B,167.78
USDT-LTC,0.1571,$146.92B,19.26
USDC-LTC,0.1571,$51.30B,19.3
TRX-OM,0.1559,$26.18B,228.38
AVAX-MNT,0.1553,$19.58B,39.93
RENDER-USDS,0.1543,$9.03B,7.0
BGB-WBT,0.1538,$15.15B,345.2
AAVE-OM,0.1538,$8.54B,294.16
DOT-OM,0.1525,$14.26B,180.79
LTC-OM,0.1509,$11.29B,194.3
FET-USDS,0.1488,$8.76B,2.66
WEETH-USDS,0.1481,$11.84B,0.44
STETH-USDS,0.1474,$37.94B,-0.22
DOGE-WEETH,0.1459,$53.15B,77.61
DOGE-STETH,0.1457,$79.24B,76.96
BGB-HYPE,0.1438,$20.82B,236.2
TRX-ARB,0.1429,$25.92B,53.13
ADA-TRX,0.1423,$54.49B,114.06
ADA-WETH,0.1413,$41.69B,99.92
NEAR-USDS,0.1383,$11.56B,0.56
NEAR-MNT,0.1376,$10.35B,23.38
AVAX-WETH,0.1347,$25.33B,56.63
USDT-XLM,0.1344,$149.88B,143.59
USDC-XLM,0.1344,$54.26B,143.63
LTC-VIRTUAL,0.1325,$11.18B,5026.86
BTC-VIRTUAL,0.1301,$1.91T,5034.18
ETH-USDS,0.1299,$411.75B,0.6
LTC-MNT,0.1299,$11.83B,43.44
XLM-PEPE,0.1291,$18.23B,171.98
LINK-USDS,0.1285,$19.78B,31.63
WBTC-VIRTUAL,0.128,$16.17B,5034.1
SUI-XLM,0.1243,$23.18B,357.66
HYPE-VIRTUAL,0.1243,$12.64B,4976.57
TRX-NEAR,0.1239,$28.91B,52.57
XRP-WEETH,0.1217,$131.46B,178.14
TRX-AAVE,0.1205,$27.62B,172.49
BGB-USDS,0.1201,$16.89B,268.56
TON-OM,0.1191,$18.36B,132.36
XRP-STETH,0.1178,$157.55B,177.49
ADA-STETH,0.1175,$64.51B,59.13
TRX-LTC,0.1165,$30.38B,72.64
STETH-AAVE,0.1163,$37.64B,117.56
ADA-WEETH,0.1153,$38.42B,59.79
ETC-VIRTUAL,0.1153,$7.40B,5014.58
WEETH-AAVE,0.1146,$11.55B,118.22
XRP-WETH,0.113,$134.73B,157.36
ETH-VIRTUAL,0.113,$409.90B,5006.83
TRX-AVAX,0.113,$38.13B,69.12
USDT-TRX,0.1117,$161.81B,53.34
USDC-TRX,0.1117,$66.18B,53.38
DOT-USDS,0.1114,$16.00B,7.12
TRX-DOT,0.1107,$33.34B,59.12
SUI-MNT,0.11,$16.54B,238.21
BCH-USDS,0.1098,$14.25B,10.4
MNT-ARB,0.1093,$7.36B,23.93
AVAX-USDS,0.1091,$20.79B,17.12
MNT-USDS,0.107,$9.36B,25.52
UNI-WEETH,0.1069,$14.81B,24.58
BGB-VIRTUAL,0.1057,$15.04B,5274.79
STETH-UNI,0.1055,$40.91B,23.92
SUI-VIRTUAL,0.1049,$15.89B,5221.63
SHIB-MNT,0.1044,$17.01B,38.53
VET-MNT,0.1002,$7.91B,62.41
TRX-FET,0.1001,$26.10B,54.67
XLM-WETH,0.0997,$20.54B,148.01
NEAR-WEETH,0.0994,$12.84B,-1.7
SHIB-USDS,0.0989,$18.21B,15.72
STETH-NEAR,0.098,$38.93B,-2.36
TRX-LINK,0.0967,$37.13B,83.63
AAVE-WETH,0.0965,$14.82B,116.78
DOGE-WBT,0.0964,$50.13B,156.52
ICP-WETH,0.0964,$14.81B,37.66
UNI-WETH,0.096,$18.08B,73.8
HYPE-WBT,0.0959,$12.75B,46.98
BTC-MNT,0.093,$1.91T,50.76
WBTC-MNT,0.0926,$16.82B,50.68
WBTC-WBT,0.0925,$16.29B,104.51
TRX-XLM,0.0924,$33.34B,196.97
WBTC-USDS,0.0902,$18.03B,27.87
TRX-TAO,0.0898,$26.22B,91.32
LTC-USDS,0.0898,$13.03B,20.63
BTC-WBT,0.0892,$1.91T,104.59
BTC-USDS,0.0891,$1.91T,27.95
WBT-VIRTUAL,0.0891,$6.97B,5085.58
LINK-WETH,0.0888,$24.32B,75.67
DOT-WETH,0.0886,$20.54B,45.02
FET-MNT,0.0881,$7.55B,25.48
ETH-MNT,0.0875,$410.55B,23.41
AVAX-WBT,0.0874,$19.04B,93.76
BTC-TRX,0.0856,$1.92T,79.95
AVAX-WEETH,0.0855,$22.06B,14.85
TRX-WBTC,0.0854,$35.38B,79.87
STETH-XLM,0.085,$43.36B,142.05
BCH-VIRTUAL,0.0849,$12.39B,5016.63
LTC-WETH,0.0845,$17.58B,41.37
XLM-WEETH,0.0838,$17.27B,142.7
AVAX-STETH,0.0828,$48.15B,14.2
APT-USDS,0.0825,$10.31B,15.16
DOGE-USDS,0.0823,$51.87B,79.88
XRP-MNT,0.0815,$128.98B,203.22
STETH-LTC,0.081,$40.40B,17.71
ETC-USDS,0.079,$9.26B,8.34
TON-HYPE,0.0787,$24.03B,-15.21
SUI-WETH,0.0783,$22.29B,215.29
XRP-USDT,0.0779,$264.07B,179.04
XRP-USDC,0.0779,$168.44B,179.08
TRX-VIRTUAL,0.0776,$26.06B,5060.94
ARB-VIRTUAL,0.0775,$6.71B,5007.35
LTC-WEETH,0.0773,$14.31B,18.37
WEETH-APT,0.0771,$11.58B,12.9
NEAR-WBT,0.0758,$9.82B,77.21
ETC-MNT,0.0754,$8.05B,31.16
HBAR-BGB,0.0746,$22.42B,401.92
PEPE-WETH,0.0746,$17.35B,82.79
STETH-APT,0.0745,$37.68B,12.24
USDT-VIRTUAL,0.0744,$142.60B,5007.56
USDC-VIRTUAL,0.0743,$46.98B,5007.6
ARB-USDS,0.0739,$8.57B,1.12
LTC-HYPE,0.0736,$16.96B,-11.73
TON-WETH,0.0733,$24.65B,6.57
ADA-WBT,0.0724,$35.40B,138.7
UNI-USDS,0.0719,$13.54B,26.84
ETH-WBT,0.0717,$410.01B,77.24
DOGE-HYPE,0.0712,$55.80B,47.51
ADA-USDS,0.0703,$37.14B,62.05
XRP-TRX,0.0702,$147.53B,232.41
PEPE-BGB,0.0687,$19.13B,295.58
XRP-USDS,0.0675,$130.18B,180.41
STETH-RENDER,0.0669,$36.40B,6.47
WEETH-RENDER,0.0668,$10.30B,7.02
BGB-VET,0.0668,$15.44B,305.45
XRP-HYPE,0.0667,$134.11B,148.04
BCH-MNT,0.0664,$13.04B,33.21
SOL-MNT,0.0662,$94.67B,38.7
APT-WETH,0.0658,$14.85B,34.92
NEAR-WETH,0.0657,$16.11B,26.86
USDT-MNT,0.0652,$143.25B,24.14
USDC-MNT,0.0652,$47.63B,24.18
SHIB-BGB,0.0648,$24.54B,281.57
WETH-OM,0.0648,$13.37B,161.75
XLM-WBT,0.0644,$14.25B,221.61
WBTC-WETH,0.0627,$22.58B,46.16
TRX-USDS,0.0626,$27.92B,54.71
APT-MNT,0.0624,$9.10B,37.97
WETH-USDS,0.0621,$15.11B,12.2
XLM-OM,0.0616,$14.25B,318.64
BTC-WETH,0.0614,$1.91T,46.22
OM-VIRTUAL,0.0613,$6.97B,5182.61
ETH-TRX,0.061,$429.10B,52.6
DOGE-VIRTUAL,0.0607,$50.01B,5086.11
DOT-WEETH,0.0603,$17.27B,4.85
USDT-WBT,0.0598,$142.72B,77.97
USDC-WBT,0.0598,$47.09B,78.01
USDT-HYPE,0.0597,$148.38B,-31.03
USDC-HYPE,0.0597,$52.76B,-30.99
PEPE-VIRTUAL,0.0597,$10.95B,5035.95
OM-USDS,0.0597,$8.83B,176.38
STETH-DOT,0.0596,$43.36B,4.2
SOL-WETH,0.0595,$100.43B,28.88
AAVE-WBT,0.059,$8.53B,197.13
PEPE-WEETH,0.0582,$14.08B,27.46
SUI-WBT,0.0581,$16.01B,292.04
BGB-ETC,0.0579,$15.58B,274.2
STETH-PEPE,0.0575,$40.18B,26.8
LINK-WEETH,0.0572,$21.06B,29.36
TRX-BGB,0.0563,$34.24B,320.56
ETH-WETH,0.0561,$416.30B,28.46
LINK-STETH,0.0557,$47.15B,28.71
BGB-AAVE,0.0557,$16.60B,386.34
XRP-WBT,0.055,$128.44B,257.05
PEPE-USDS,0.0549,$12.81B,29.72
WEETH-ICP,0.0541,$11.54B,13.79
TAO-MNT,0.054,$7.67B,62.13
ICP-HYPE,0.0538,$14.19B,-16.31
TON-USDS,0.0526,$20.10B,-6.49
STETH-TAO,0.0513,$36.24B,36.4
LINK-WBT,0.0507,$18.04B,108.27
STETH-ICP,0.0507,$37.64B,13.14
HBAR-USDS,0.0506,$16.10B,136.06
VET-VIRTUAL,0.0501,$7.26B,5045.83
BGB-TAO,0.05,$15.20B,305.17
SHIB-WETH,0.0494,$22.76B,45.39
FET-WBT,0.049,$7.01B,79.31
WEETH-TAO,0.0487,$10.15B,37.05
BTC-STETH,0.048,$1.93T,25.03
VET-USDS,0.0476,$9.12B,39.6
BTC-WEETH,0.0475,$1.91T,25.68
PEPE-MNT,0.0475,$11.60B,52.53
WEETH-ARB,0.0475,$9.84B,-1.14
WBTC-STETH,0.0467,$45.40B,24.95
STETH-ARB,0.0466,$35.94B,-1.8
WBTC-WEETH,0.0462,$19.31B,25.6
LINK-HYPE,0.045,$23.71B,-0.74
ADA-HYPE,0.0449,$41.07B,29.69
BNB-USDS,0.0448,$107.48B,12.26
HYPE-USDS,0.0445,$14.50B,-29.66
SUI-USDS,0.0444,$17.75B,215.4
PEPE-HYPE,0.0443,$16.73B,-2.64
ADA-VIRTUAL,0.0442,$35.28B,5068.29
ETC-WBT,0.0441,$7.51B,84.99
BCH-BGB,0.044,$20.57B,276.26
LINK-BGB,0.0434,$26.10B,297.48
DOT-VIRTUAL,0.0434,$14.14B,5013.35
LTC-WBT,0.0432,$11.29B,97.27
BNB-MNT,0.0431,$106.27B,35.08
BNB-HYPE,0.0423,$111.41B,-20.1
TON-MNT,0.042,$18.90B,34.42
AAVE-HYPE,0.0412,$14.20B,88.12
UNI-MNT,0.0408,$12.33B,49.66
HBAR-MNT,0.0407,$14.89B,158.87
WETH-FET,0.0397,$13.30B,42.81
NEAR-VIRTUAL,0.0387,$9.70B,5006.8
ETH-WEETH,0.0385,$413.03B,-1.67
TON-VIRTUAL,0.0384,$18.24B,4030.71
PEPE-WBT,0.0382,$11.07B,106.37
STETH-OM,0.0379,$36.20B,173.46
SOL-VIRTUAL,0.0373,$94.02B,5022.12
WEETH-OM,0.037,$10.10B,174.11
ETH-STETH,0.0368,$439.12B,-2.32
BGB-OM,0.0364,$15.15B,442.23
ETC-HYPE,0.0364,$13.18B,-24.02
TAO-USDS,0.0362,$8.88B,39.32
BGB-APT,0.0356,$16.63B,281.02
BNB-WETH,0.0355,$112.02B,30.17
DOGE-TRX,0.0352,$69.22B,131.88
TRX-HYPE,0.0352,$31.84B,22.34
DOT-WBT,0.0352,$14.25B,83.76
SHIB-HYPE,0.0351,$22.14B,-16.65
OM-MNT,0.0338,$7.62B,199.19
USDS-VIRTUAL,0.0336,$8.71B,5008.94
UNI-HYPE,0.0334,$17.46B,-5.52
RENDER-WBT,0.0333,$7.29B,77.65
SUI-HYPE,0.0323,$21.68B,183.03
AVAX-HYPE,0.0313,$24.71B,-15.25
STETH-ETC,0.0311,$36.62B,5.42
WBT-ARB,0.031,$6.83B,77.76
BNB-WBT,0.0307,$105.74B,88.91
SOL-WBT,0.0305,$94.14B,92.53
TRX-WETH,0.0305,$32.46B,63.95
WETH-VET,0.0305,$13.66B,70.29
AVAX-VIRTUAL,0.0303,$18.93B,5023.35
LINK-VIRTUAL,0.0302,$17.92B,5037.86
WBTC-HYPE,0.0302,$21.96B,-4.5
SHIB-VIRTUAL,0.03,$16.36B,5021.95
BTC-HYPE,0.0288,$1.91T,-4.42
WEETH-ETC,0.0286,$10.53B,6.08
WEETH-FET,0.0281,$10.03B,0.4
WETH-ETC,0.028,$13.80B,33.93
TAO-VIRTUAL,0.0272,$7.02B,5045.55
HYPE-ARB,0.0269,$12.49B,-31.24
UNI-VIRTUAL,0.0268,$11.68B,5033.08
STETH-FET,0.0265,$36.12B,-0.26
XLM-HYPE,0.0264,$19.92B,112.6
TRX-STETH,0.0261,$55.28B,51.79
TRX-WEETH,0.0259,$29.19B,52.44
BTC-BGB,0.0252,$1.91T,293.8
WBTC-BGB,0.0251,$24.35B,293.73
OM-HYPE,0.0249,$12.76B,144.01
BGB-FET,0.0245,$15.08B,268.52
BGB-ICP,0.0242,$16.59B,281.91
LTC-BGB,0.0236,$19.36B,286.49
SHIB-WEETH,0.0221,$19.49B,13.45
WETH-ARB,0.0219,$13.11B,34.94
HBAR-VIRTUAL,0.0217,$14.24B,5142.29
SHIB-STETH,0.0215,$45.58B,12.8
NEAR-BGB,0.0213,$17.88B,266.42
BNB-VIRTUAL,0.0209,$105.62B,5018.5
BCH-WBT,0.0194,$12.51B,87.04
HYPE-FET,0.0189,$12.68B,-29.7
DOGE-BGB,0.0186,$58.19B,345.73
USDT-OM,0.0177,$142.72B,175.0
USDC-OM,0.0177,$47.09B,175.04
DOT-BGB,0.0175,$22.32B,272.98
FET-VIRTUAL,0.0175,$6.90B,5008.9
BGB-ARB,0.0174,$14.89B,266.98
BNB-STETH,0.0172,$134.85B,9.34
BCH-HYPE,0.0169,$18.18B,-21.96
VET-HYPE,0.0169,$13.04B,7.23
TRX-PEPE,0.0168,$30.16B,81.73
XLM-BGB,0.0168,$22.32B,410.82
ICP-USDS,0.0162,$10.27B,16.06
UNI-WBT,0.0158,$11.80B,103.49
TRX-WBT,0.0157,$26.17B,131.35
BNB-WEETH,0.0153,$108.75B,10.0
TRX-MNT,0.0147,$26.71B,77.52
SOL-WEETH,0.014,$97.16B,13.63
SOL-BGB,0.0134,$102.20B,281.75
RENDER-VIRTUAL,0.0133,$7.17B,2850.91
HBAR-WETH,0.013,$20.64B,235.46
TAO-HYPE,0.0128,$12.80B,6.95
VET-WBT,0.0125,$7.37B,116.24
SOL-STETH,0.0122,$123.25B,12.97
HBAR-WBT,0.0122,$14.35B,212.7
WBT-USDS,0.0118,$8.83B,79.35
AVAX-BGB,0.0115,$27.11B,282.97
ETH-HYPE,0.0112,$415.68B,-31.76
UNI-BGB,0.0109,$19.86B,292.7
TAO-WBT,0.0106,$7.13B,115.96
USDT-USDS,0.0103,$144.46B,1.33
USDC-USDS,0.0103,$48.83B,1.37
TRX-SHIB,0.0099,$35.56B,67.72
XLM-USDS,0.0096,$16.00B,144.97
APT-HYPE,0.0089,$14.24B,-17.2
TON-WBT,0.0085,$18.36B,64.56
SUI-WEETH,0.0084,$19.02B,213.13
TON-BGB,0.008,$26.43B,321.4
AAVE-MNT,0.008,$9.07B,143.3
SUI-STETH,0.0079,$45.12B,212.48
RENDER-HYPE,0.0079,$12.95B,-12.24
BNB-BGB,0.0069,$113.80B,278.12
BCH-WEETH,0.0062,$15.53B,8.13
ICP-VIRTUAL,0.0061,$8.41B,5022.29
ADA-BGB,0.0055,$43.46B,327.91
SOL-HYPE,0.0054,$99.81B,-16.47
BCH-WETH,0.0054,$18.80B,30.43
STETH-BCH,0.0049,$41.62B,7.48
NEAR-HYPE,0.0048,$15.49B,-31.8
ETH-BGB,0.0038,$418.08B,266.46
TON-WEETH,0.0038,$21.38B,6.68
HBAR-WEETH,0.0036,$17.37B,133.79
AAVE-VIRTUAL,0.0034,$8.42B,5126.72
SHIB-WBT,0.0031,$16.47B,92.36
APT-VIRTUAL,0.003,$8.45B,5021.39
STETH-HBAR,0.0029,$43.46B,133.14
DOT-HYPE,0.0023,$19.92B,-25.25
BGB-RENDER,0.0021,$15.35B,278.08
XRP-BGB,0.002,$136.51B,446.27
SUI-BGB,0.0015,$24.07B,481.25
WETH-TAO,0.0012,$13.42B,53.35
STETH-VET,0.0011,$36.48B,36.68
TON-STETH,0.0008,$47.47B,5.89
OM-WBT,0.0005,$7.09B,253.02
HBAR-HYPE,0.0002,$20.02B,103.69
WEETH-VET,0.0001,$10.39B,37.33
ICP-WBT,0.0,$8.53B,92.7
BTC-XMR,err:XMR_insufficient_data(0/135),$1.91T,
XRP-XMR,err:XMR_insufficient_data(0/135),$128.49B,
USDT-XMR,err:XMR_insufficient_data(0/135),$142.77B,
BNB-XMR,err:XMR_insufficient_data(0/135),$105.79B,
ETH-XMR,err:XMR_insufficient_data(0/135),$410.06B,
ADA-XMR,err:XMR_insufficient_data(0/135),$35.45B,
DOGE-XMR,err:XMR_insufficient_data(0/135),$50.18B,
USDC-XMR,err:XMR_insufficient_data(0/135),$47.14B,
SOL-XMR,err:XMR_insufficient_data(0/135),$94.19B,
TON-XMR,err:XMR_insufficient_data(0/135),$18.41B,
TRX-XMR,err:XMR_insufficient_data(0/135),$26.23B,
AVAX-XMR,err:XMR_insufficient_data(0/135),$19.09B,
LINK-XMR,err:XMR_insufficient_data(0/135),$18.09B,
SUI-XMR,err:XMR_insufficient_data(0/135),$16.06B,
WBTC-XMR,err:XMR_insufficient_data(0/135),$16.34B,
SHIB-XMR,err:XMR_insufficient_data(0/135),$16.52B,
STETH-XMR,err:XMR_insufficient_data(0/135),$36.25B,
DOT-XMR,err:XMR_insufficient_data(0/135),$14.31B,
HBAR-XMR,err:XMR_insufficient_data(0/135),$14.41B,
XLM-XMR,err:XMR_insufficient_data(0/135),$14.30B,
BCH-XMR,err:XMR_insufficient_data(0/135),$12.56B,
UNI-XMR,err:XMR_insufficient_data(0/135),$11.85B,
LTC-XMR,err:XMR_insufficient_data(0/135),$11.34B,
PEPE-XMR,err:XMR_insufficient_data(0/135),$11.12B,
NEAR-XMR,err:XMR_insufficient_data(0/135),$9.87B,
WEETH-XMR,err:XMR_insufficient_data(0/135),$10.15B,
BGB-XMR,err:XMR_insufficient_data(0/135),$15.20B,
APT-XMR,err:XMR_insufficient_data(0/135),$8.62B,
AAVE-XMR,err:XMR_insufficient_data(0/135),$8.59B,
ICP-XMR,err:XMR_insufficient_data(0/135),$8.58B,
WETH-XMR,err:XMR_insufficient_data(0/135),$13.42B,
ETC-XMR,err:XMR_insufficient_data(0/135),$7.57B,
VET-XMR,err:XMR_insufficient_data(0/135),$7.43B,
RENDER-XMR,err:XMR_insufficient_data(0/135),$7.34B,
XMR-TAO,err:XMR_insufficient_data(0/135),$7.19B,
XMR-OM,err:XMR_insufficient_data(0/135),$7.14B,
XMR-HYPE,err:XMR_insufficient_data(0/135),$12.80B,
XMR-FET,err:XMR_insufficient_data(0/135),$7.06B,
XMR-WBT,err:XMR_insufficient_data(0/135),$7.14B,
XMR-MNT,err:XMR_insufficient_data(0/135),$7.67B,
XMR-ARB,err:XMR_insufficient_data(0/135),$6.88B,
XMR-USDS,err:XMR_insufficient_data(0/135),$8.88B,
XMR-DAI,err:XMR_insufficient_data(0/135),$7.02B,
XMR-CRO,err:XMR_insufficient_data(0/135),$7.76B,
XMR-VIRTUAL,err:XMR_insufficient_data(0/135),$7.02B,
BTC-WSTETH,err:WSTETH_insufficient_data(0/135),$1.92T,
XRP-WSTETH,err:WSTETH_insufficient_data(0/135),$139.08B,
USDT-WSTETH,err:WSTETH_insufficient_data(0/135),$153.36B,
BNB-WSTETH,err:WSTETH_insufficient_data(0/135),$116.38B,
ETH-WSTETH,err:WSTETH_insufficient_data(0/135),$420.65B,
ADA-WSTETH,err:WSTETH_insufficient_data(0/135),$46.04B,
DOGE-WSTETH,err:WSTETH_insufficient_data(0/135),$60.77B,
USDC-WSTETH,err:WSTETH_insufficient_data(0/135),$57.73B,
SOL-WSTETH,err:WSTETH_insufficient_data(0/135),$104.78B,
TON-WSTETH,err:WSTETH_insufficient_data(0/135),$29.00B,
TRX-WSTETH,err:WSTETH_insufficient_data(0/135),$36.82B,
AVAX-WSTETH,err:WSTETH_insufficient_data(0/135),$29.68B,
LINK-WSTETH,err:WSTETH_insufficient_data(0/135),$28.68B,
SUI-WSTETH,err:WSTETH_insufficient_data(0/135),$26.65B,
WBTC-WSTETH,err:WSTETH_insufficient_data(0/135),$26.93B,
SHIB-WSTETH,err:WSTETH_insufficient_data(0/135),$27.11B,
STETH-WSTETH,err:WSTETH_insufficient_data(0/135),$46.84B,
DOT-WSTETH,err:WSTETH_insufficient_data(0/135),$24.89B,
HBAR-WSTETH,err:WSTETH_insufficient_data(0/135),$24.99B,
XLM-WSTETH,err:WSTETH_insufficient_data(0/135),$24.89B,
BCH-WSTETH,err:WSTETH_insufficient_data(0/135),$23.15B,
UNI-WSTETH,err:WSTETH_insufficient_data(0/135),$22.44B,
LTC-WSTETH,err:WSTETH_insufficient_data(0/135),$21.93B,
PEPE-WSTETH,err:WSTETH_insufficient_data(0/135),$21.71B,
WSTETH-NEAR,err:WSTETH_insufficient_data(0/135),$20.46B,
WSTETH-WEETH,err:WSTETH_insufficient_data(0/135),$20.74B,
WSTETH-BGB,err:WSTETH_insufficient_data(0/135),$25.79B,
WSTETH-APT,err:WSTETH_insufficient_data(0/135),$19.21B,
WSTETH-AAVE,err:WSTETH_insufficient_data(0/135),$19.17B,
WSTETH-ICP,err:WSTETH_insufficient_data(0/135),$19.17B,
WSTETH-WETH,err:WSTETH_insufficient_data(0/135),$24.01B,
WSTETH-USDE,err:WSTETH_insufficient_data(0/135),$20.09B,
WSTETH-POL,err:WSTETH_insufficient_data(0/135),$18.30B,
WSTETH-ETC,err:WSTETH_insufficient_data(0/135),$18.15B,
WSTETH-VET,err:WSTETH_insufficient_data(0/135),$18.01B,
WSTETH-RENDER,err:WSTETH_insufficient_data(0/135),$17.93B,
WSTETH-XMR,err:WSTETH_insufficient_data(0/135),$17.78B,
WSTETH-TAO,err:WSTETH_insufficient_data(0/135),$17.77B,
WSTETH-OM,err:WSTETH_insufficient_data(0/135),$17.73B,
WSTETH-HYPE,err:WSTETH_insufficient_data(0/135),$23.39B,
WSTETH-FET,err:WSTETH_insufficient_data(0/135),$17.65B,
WSTETH-WBT,err:WSTETH_insufficient_data(0/135),$17.73B,
WSTETH-MNT,err:WSTETH_insufficient_data(0/135),$18.26B,
WSTETH-ARB,err:WSTETH_insufficient_data(0/135),$17.47B,
WSTETH-USDS,err:WSTETH_insufficient_data(0/135),$19.47B,
WSTETH-DAI,err:WSTETH_insufficient_data(0/135),$17.61B,
WSTETH-CRO,err:WSTETH_insufficient_data(0/135),$18.35B,
WSTETH-VIRTUAL,err:WSTETH_insufficient_data(0/135),$17.61B,
BTC-USDE,err:USDE_insufficient_data(120/135),$1.91T,
XRP-USDE,err:USDE_insufficient_data(120/135),$130.80B,
USDT-USDE,err:USDE_insufficient_data(120/135),$145.08B,
BNB-USDE,err:USDE_insufficient_data(120/135),$108.10B,
ETH-USDE,err:USDE_insufficient_data(120/135),$412.37B,
ADA-USDE,err:USDE_insufficient_data(120/135),$37.76B,
DOGE-USDE,err:USDE_insufficient_data(120/135),$52.49B,
USDC-USDE,err:USDE_insufficient_data(120/135),$49.45B,
SOL-USDE,err:USDE_insufficient_data(120/135),$96.50B,
TON-USDE,err:USDE_insufficient_data(120/135),$20.72B,
TRX-USDE,err:USDE_insufficient_data(120/135),$28.54B,
AVAX-USDE,err:USDE_insufficient_data(120/135),$21.41B,
LINK-USDE,err:USDE_insufficient_data(120/135),$20.40B,
SUI-USDE,err:USDE_insufficient_data(120/135),$18.37B,
WBTC-USDE,err:USDE_insufficient_data(120/135),$18.65B,
SHIB-USDE,err:USDE_insufficient_data(120/135),$18.83B,
STETH-USDE,err:USDE_insufficient_data(120/135),$38.56B,
DOT-USDE,err:USDE_insufficient_data(120/135),$16.62B,
HBAR-USDE,err:USDE_insufficient_data(120/135),$16.72B,
XLM-USDE,err:USDE_insufficient_data(120/135),$16.61B,
BCH-USDE,err:USDE_insufficient_data(120/135),$14.87B,
UNI-USDE,err:USDE_insufficient_data(120/135),$14.16B,
LTC-USDE,err:USDE_insufficient_data(120/135),$13.65B,
PEPE-USDE,err:USDE_insufficient_data(120/135),$13.43B,
NEAR-USDE,err:USDE_insufficient_data(120/135),$12.18B,
WEETH-USDE,err:USDE_insufficient_data(120/135),$12.46B,
BGB-USDE,err:USDE_insufficient_data(120/135),$17.51B,
APT-USDE,err:USDE_insufficient_data(120/135),$10.93B,
AAVE-USDE,err:USDE_insufficient_data(120/135),$10.90B,
ICP-USDE,err:USDE_insufficient_data(120/135),$10.89B,
WETH-USDE,err:USDE_insufficient_data(120/135),$15.73B,
USDE-POL,err:USDE_insufficient_data(120/135),$10.02B,
USDE-ETC,err:USDE_insufficient_data(120/135),$9.88B,
USDE-VET,err:USDE_insufficient_data(120/135),$9.74B,
USDE-RENDER,err:USDE_insufficient_data(120/135),$9.65B,
USDE-XMR,err:USDE_insufficient_data(120/135),$9.50B,
USDE-TAO,err:USDE_insufficient_data(120/135),$9.50B,
USDE-OM,err:USDE_insufficient_data(120/135),$9.45B,
USDE-HYPE,err:USDE_insufficient_data(120/135),$15.11B,
USDE-FET,err:USDE_insufficient_data(120/135),$9.37B,
USDE-WBT,err:USDE_insufficient_data(120/135),$9.45B,
USDE-MNT,err:USDE_insufficient_data(120/135),$9.98B,
USDE-ARB,err:USDE_insufficient_data(120/135),$9.19B,
USDE-USDS,err:USDE_insufficient_data(120/135),$11.19B,
USDE-DAI,err:USDE_insufficient_data(120/135),$9.33B,
USDE-CRO,err:USDE_insufficient_data(120/135),$10.07B,
USDE-VIRTUAL,err:USDE_insufficient_data(120/135),$9.33B,
BTC-POL,err:POL_insufficient_data(105/135),$1.91T,
XRP-POL,err:POL_insufficient_data(105/135),$129.01B,
USDT-POL,err:POL_insufficient_data(105/135),$143.29B,
BNB-POL,err:POL_insufficient_data(105/135),$106.31B,
ETH-POL,err:POL_insufficient_data(105/135),$410.58B,
ADA-POL,err:POL_insufficient_data(105/135),$35.97B,
DOGE-POL,err:POL_insufficient_data(105/135),$50.70B,
USDC-POL,err:POL_insufficient_data(105/135),$47.66B,
SOL-POL,err:POL_insufficient_data(105/135),$94.71B,
TON-POL,err:POL_insufficient_data(105/135),$18.93B,
TRX-POL,err:POL_insufficient_data(105/135),$26.75B,
AVAX-POL,err:POL_insufficient_data(105/135),$19.62B,
LINK-POL,err:POL_insufficient_data(105/135),$18.61B,
SUI-POL,err:POL_insufficient_data(105/135),$16.58B,
WBTC-POL,err:POL_insufficient_data(105/135),$16.86B,
SHIB-POL,err:POL_insufficient_data(105/135),$17.04B,
STETH-POL,err:POL_insufficient_data(105/135),$36.77B,
DOT-POL,err:POL_insufficient_data(105/135),$14.83B,
HBAR-POL,err:POL_insufficient_data(105/135),$14.93B,
XLM-POL,err:POL_insufficient_data(105/135),$14.83B,
BCH-POL,err:POL_insufficient_data(105/135),$13.08B,
UNI-POL,err:POL_insufficient_data(105/135),$12.37B,
LTC-POL,err:POL_insufficient_data(105/135),$11.86B,
PEPE-POL,err:POL_insufficient_data(105/135),$11.64B,
NEAR-POL,err:POL_insufficient_data(105/135),$10.39B,
WEETH-POL,err:POL_insufficient_data(105/135),$10.67B,
BGB-POL,err:POL_insufficient_data(105/135),$15.72B,
APT-POL,err:POL_insufficient_data(105/135),$9.14B,
AAVE-POL,err:POL_insufficient_data(105/135),$9.11B,
ICP-POL,err:POL_insufficient_data(105/135),$9.10B,
WETH-POL,err:POL_insufficient_data(105/135),$13.94B,
POL-ETC,err:POL_insufficient_data(105/135),$8.09B,
POL-VET,err:POL_insufficient_data(105/135),$7.95B,
POL-RENDER,err:POL_insufficient_data(105/135),$7.86B,
POL-XMR,err:POL_insufficient_data(105/135),$7.71B,
POL-TAO,err:POL_insufficient_data(105/135),$7.71B,
POL-OM,err:POL_insufficient_data(105/135),$7.66B,
POL-HYPE,err:POL_insufficient_data(105/135),$13.33B,
POL-FET,err:POL_insufficient_data(105/135),$7.59B,
POL-WBT,err:POL_insufficient_data(105/135),$7.66B,
POL-MNT,err:POL_insufficient_data(105/135),$8.19B,
POL-ARB,err:POL_insufficient_data(105/135),$7.40B,
POL-USDS,err:POL_insufficient_data(105/135),$9.40B,
POL-DAI,err:POL_insufficient_data(105/135),$7.54B,
POL-CRO,err:POL_insufficient_data(105/135),$8.28B,
POL-VIRTUAL,err:POL_insufficient_data(105/135),$7.54B,
BTC-LEO,err:LEO_insufficient_data(59/135),$1.91T,
XRP-LEO,err:LEO_insufficient_data(59/135),$133.40B,
USDT-LEO,err:LEO_insufficient_data(59/135),$147.67B,
BNB-LEO,err:LEO_insufficient_data(59/135),$110.70B,
ETH-LEO,err:LEO_insufficient_data(59/135),$414.97B,
ADA-LEO,err:LEO_insufficient_data(59/135),$40.36B,
DOGE-LEO,err:LEO_insufficient_data(59/135),$55.09B,
USDC-LEO,err:LEO_insufficient_data(59/135),$52.05B,
SOL-LEO,err:LEO_insufficient_data(59/135),$99.10B,
TON-LEO,err:LEO_insufficient_data(59/135),$23.32B,
TRX-LEO,err:LEO_insufficient_data(59/135),$31.13B,
AVAX-LEO,err:LEO_insufficient_data(59/135),$24.00B,
LINK-LEO,err:LEO_insufficient_data(59/135),$23.00B,
SUI-LEO,err:LEO_insufficient_data(59/135),$20.97B,
WBTC-LEO,err:LEO_insufficient_data(59/135),$21.25B,
SHIB-LEO,err:LEO_insufficient_data(59/135),$21.43B,
STETH-LEO,err:LEO_insufficient_data(59/135),$41.15B,
DOT-LEO,err:LEO_insufficient_data(59/135),$19.21B,
HBAR-LEO,err:LEO_insufficient_data(59/135),$19.31B,
XLM-LEO,err:LEO_insufficient_data(59/135),$19.21B,
BCH-LEO,err:LEO_insufficient_data(59/135),$17.47B,
LEO-UNI,err:LEO_insufficient_data(59/135),$16.75B,
LEO-LTC,err:LEO_insufficient_data(59/135),$16.25B,
LEO-PEPE,err:LEO_insufficient_data(59/135),$16.02B,
LEO-WSTETH,err:LEO_insufficient_data(59/135),$22.68B,
LEO-NEAR,err:LEO_insufficient_data(59/135),$14.78B,
LEO-WEETH,err:LEO_insufficient_data(59/135),$15.06B,
LEO-BGB,err:LEO_insufficient_data(59/135),$20.11B,
LEO-APT,err:LEO_insufficient_data(59/135),$13.53B,
LEO-AAVE,err:LEO_insufficient_data(59/135),$13.49B,
LEO-ICP,err:LEO_insufficient_data(59/135),$13.48B,
LEO-WETH,err:LEO_insufficient_data(59/135),$18.33B,
LEO-USDE,err:LEO_insufficient_data(59/135),$14.41B,
LEO-POL,err:LEO_insufficient_data(59/135),$12.62B,
LEO-ETC,err:LEO_insufficient_data(59/135),$12.47B,
LEO-VET,err:LEO_insufficient_data(59/135),$12.33B,
LEO-RENDER,err:LEO_insufficient_data(59/135),$12.24B,
LEO-XMR,err:LEO_insufficient_data(59/135),$12.10B,
LEO-TAO,err:LEO_insufficient_data(59/135),$12.09B,
LEO-OM,err:LEO_insufficient_data(59/135),$12.05B,
LEO-HYPE,err:LEO_insufficient_data(59/135),$17.71B,
LEO-FET,err:LEO_insufficient_data(59/135),$11.97B,
LEO-WBT,err:LEO_insufficient_data(59/135),$12.04B,
LEO-MNT,err:LEO_insufficient_data(59/135),$12.58B,
LEO-ARB,err:LEO_insufficient_data(59/135),$11.78B,
LEO-USDS,err:LEO_insufficient_data(59/135),$13.79B,
LEO-DAI,err:LEO_insufficient_data(59/135),$11.93B,
LEO-CRO,err:LEO_insufficient_data(59/135),$12.67B,
LEO-VIRTUAL,err:LEO_insufficient_data(59/135),$11.93B,
BTC-DAI,err:DAI_insufficient_data(130/135),$1.91T,
XRP-DAI,err:DAI_insufficient_data(130/135),$128.33B,
USDT-DAI,err:DAI_insufficient_data(130/135),$142.60B,
BNB-DAI,err:DAI_insufficient_data(130/135),$105.63B,
ETH-DAI,err:DAI_insufficient_data(130/135),$409.90B,
ADA-DAI,err:DAI_insufficient_data(130/135),$35.29B,
DOGE-DAI,err:DAI_insufficient_data(130/135),$50.02B,
USDC-DAI,err:DAI_insufficient_data(130/135),$46.98B,
SOL-DAI,err:DAI_insufficient_data(130/135),$94.03B,
TON-DAI,err:DAI_insufficient_data(130/135),$18.25B,
TRX-DAI,err:DAI_insufficient_data(130/135),$26.06B,
AVAX-DAI,err:DAI_insufficient_data(130/135),$18.93B,
LINK-DAI,err:DAI_insufficient_data(130/135),$17.93B,
SUI-DAI,err:DAI_insufficient_data(130/135),$15.90B,
WBTC-DAI,err:DAI_insufficient_data(130/135),$16.18B,
SHIB-DAI,err:DAI_insufficient_data(130/135),$16.36B,
STETH-DAI,err:DAI_insufficient_data(130/135),$36.08B,
DOT-DAI,err:DAI_insufficient_data(130/135),$14.14B,
HBAR-DAI,err:DAI_insufficient_data(130/135),$14.24B,
XLM-DAI,err:DAI_insufficient_data(130/135),$14.14B,
BCH-DAI,err:DAI_insufficient_data(130/135),$12.40B,
UNI-DAI,err:DAI_insufficient_data(130/135),$11.68B,
LTC-DAI,err:DAI_insufficient_data(130/135),$11.18B,
PEPE-DAI,err:DAI_insufficient_data(130/135),$10.95B,
NEAR-DAI,err:DAI_insufficient_data(130/135),$9.71B,
WEETH-DAI,err:DAI_insufficient_data(130/135),$9.99B,
BGB-DAI,err:DAI_insufficient_data(130/135),$15.04B,
APT-DAI,err:DAI_insufficient_data(130/135),$8.46B,
AAVE-DAI,err:DAI_insufficient_data(130/135),$8.42B,
ICP-DAI,err:DAI_insufficient_data(130/135),$8.41B,
WETH-DAI,err:DAI_insufficient_data(130/135),$13.26B,
ETC-DAI,err:DAI_insufficient_data(130/135),$7.40B,
VET-DAI,err:DAI_insufficient_data(130/135),$7.26B,
RENDER-DAI,err:DAI_insufficient_data(130/135),$7.17B,
TAO-DAI,err:DAI_insufficient_data(130/135),$7.02B,
OM-DAI,err:DAI_insufficient_data(130/135),$6.97B,
HYPE-DAI,err:DAI_insufficient_data(130/135),$12.64B,
FET-DAI,err:DAI_insufficient_data(130/135),$6.90B,
WBT-DAI,err:DAI_insufficient_data(130/135),$6.97B,
MNT-DAI,err:DAI_insufficient_data(130/135),$7.51B,
ARB-DAI,err:DAI_insufficient_data(130/135),$6.71B,
USDS-DAI,err:DAI_insufficient_data(130/135),$8.71B,
DAI-CRO,err:DAI_insufficient_data(130/135),$7.60B,
DAI-VIRTUAL,err:DAI_insufficient_data(130/135),$6.86B,
BTC-CRO,err:CRO_insufficient_data(128/135),$1.91T,
XRP-CRO,err:CRO_insufficient_data(128/135),$129.06B,
USDT-CRO,err:CRO_insufficient_data(128/135),$143.34B,
BNB-CRO,err:CRO_insufficient_data(128/135),$106.36B,
ETH-CRO,err:CRO_insufficient_data(128/135),$410.63B,
ADA-CRO,err:CRO_insufficient_data(128/135),$36.02B,
DOGE-CRO,err:CRO_insufficient_data(128/135),$50.75B,
USDC-CRO,err:CRO_insufficient_data(128/135),$47.71B,
SOL-CRO,err:CRO_insufficient_data(128/135),$94.76B,
TON-CRO,err:CRO_insufficient_data(128/135),$18.98B,
TRX-CRO,err:CRO_insufficient_data(128/135),$26.80B,
AVAX-CRO,err:CRO_insufficient_data(128/135),$19.67B,
LINK-CRO,err:CRO_insufficient_data(128/135),$18.66B,
SUI-CRO,err:CRO_insufficient_data(128/135),$16.63B,
WBTC-CRO,err:CRO_insufficient_data(128/135),$16.91B,
SHIB-CRO,err:CRO_insufficient_data(128/135),$17.09B,
STETH-CRO,err:CRO_insufficient_data(128/135),$36.82B,
DOT-CRO,err:CRO_insufficient_data(128/135),$14.88B,
HBAR-CRO,err:CRO_insufficient_data(128/135),$14.98B,
XLM-CRO,err:CRO_insufficient_data(128/135),$14.88B,
BCH-CRO,err:CRO_insufficient_data(128/135),$13.13B,
UNI-CRO,err:CRO_insufficient_data(128/135),$12.42B,
LTC-CRO,err:CRO_insufficient_data(128/135),$11.91B,
PEPE-CRO,err:CRO_insufficient_data(128/135),$11.69B,
NEAR-CRO,err:CRO_insufficient_data(128/135),$10.44B,
WEETH-CRO,err:CRO_insufficient_data(128/135),$10.72B,
BGB-CRO,err:CRO_insufficient_data(128/135),$15.77B,
APT-CRO,err:CRO_insufficient_data(128/135),$9.19B,
AAVE-CRO,err:CRO_insufficient_data(128/135),$9.16B,
ICP-CRO,err:CRO_insufficient_data(128/135),$9.15B,
WETH-CRO,err:CRO_insufficient_data(128/135),$13.99B,
ETC-CRO,err:CRO_insufficient_data(128/135),$8.14B,
VET-CRO,err:CRO_insufficient_data(128/135),$8.00B,
RENDER-CRO,err:CRO_insufficient_data(128/135),$7.91B,
TAO-CRO,err:CRO_insufficient_data(128/135),$7.76B,
OM-CRO,err:CRO_insufficient_data(128/135),$7.71B,
HYPE-CRO,err:CRO_insufficient_data(128/135),$13.38B,
FET-CRO,err:CRO_insufficient_data(128/135),$7.64B,
WBT-CRO,err:CRO_insufficient_data(128/135),$7.71B,
MNT-CRO,err:CRO_insufficient_data(128/135),$8.24B,
ARB-CRO,err:CRO_insufficient_data(128/135),$7.45B,
USDS-CRO,err:CRO_insufficient_data(128/135),$9.45B,
CRO-VIRTUAL,err:CRO_insufficient_data(128/135),$7.59B,
